SMILES,%F,logK(%F),MolW(Da)_x,NumHAcceptors_x,NumHDonors_x,LogP_x,Lipinski_rule_x,Solubility_log(mol/L),Solubility(mol/L),MolW(Da)_y,NumHAcceptors_y,NumHDonors_y,LogP_y,Lipinski_rule_y
C#CC1(O)CCC2C3CCC4=CC(=O)CCC4C3CCC21C,64.0,0.249877473,298.42600000000004,2,1,3.4925000000000024,1,-4.79,1.62181009735893e-05,298.42600000000004,2,1,3.4925000000000024,1
C#CC1(O)CCC2C3CCC4=CC(=O)CCC4C3CCC21CC,94.0,1.194976603,312.4530000000001,2,1,3.882600000000003,1,-5.19,6.456542290346549e-06,312.4530000000001,2,1,3.882600000000003,1
C#CC1(O)CCC2C3CCC4=Cc5oncc5CC4(C)C3CCC21C,35.0,-0.2688453122925799,337.46300000000014,3,1,4.221000000000004,1,-5.51,3.090295432513592e-06,337.46300000000014,3,1,4.221000000000004,1
C#CC1(O)CCC2C3CCc4cc(O)ccc4C3CCC21C,40.0,-0.1760912590556812,296.4100000000001,2,2,3.6126000000000023,1,-4.47,3.3884415613920276e-05,296.4100000000001,2,2,3.6126000000000023,1
C#CCN(C)C(C)Cc1ccccc1,4.4000001,-1.3370052054653008,187.286,1,0,2.1826,1,-2.512,0.0030760968147407,187.286,1,0,2.1826,1
C=CC1CN2CCC1CC2C(O)c1ccnc2ccc(OC)cc12,75.0,0.477121255,324.4240000000001,4,1,3.173200000000002,1,-3.37,0.0004265795188015,324.4240000000001,4,1,3.173200000000002,1
C=CCC1(CC(C)C)C(=O)NC(=O)NC1=O,85.0,0.753327667,224.26,3,2,0.961,1,-2.1193,0.0075980124351585,224.26,3,2,0.961,1
C=CCN1CCC23c4c5ccc(O)c4OC2C(=O)CCC3(O)C1C5,2.0,-1.6901960800285136,327.3800000000001,5,2,1.3014,1,-3.39,0.0004073802778041,327.3800000000001,5,2,1.3014,1
C=CCOc1ccccc1OCC(O)CNC(C)C,44.0,-0.104735351,265.35299999999995,4,2,1.9891,1,-0.32,0.4786300923226383,265.35299999999995,4,2,1.9891,1
C=CCc1ccccc1OCC(O)CNC(C)C,8.0,-1.0606978403536116,249.35399999999996,3,2,2.1528,1,-2.88,0.0013182567385564,249.35399999999996,3,2,2.1528,1
CC(=O)C1CCC2C3CCC4=CC(=O)CCC4(C)C3CCC12C,25.0,-0.477121255,314.46900000000005,2,0,4.723500000000005,1,-4.6,2.5118864315095825e-05,314.46900000000005,2,0,4.723500000000005,1
CC(=O)CC(c1ccccc1)c1c(O)c2ccccc2oc1=O,93.0,1.1233849085396783,308.3330000000001,4,1,3.609600000000003,1,-4.784,1.6443717232149325e-05,308.3330000000001,4,1,3.609600000000003,1
CC(=O)CCCCn1c(=O)c2c(ncn2C)n(C)c1=O,25.0,-0.477121255,278.31200000000007,7,0,0.193,1,-0.56,0.2754228703338166,278.31200000000007,7,0,0.193,1
CC(=O)N(O)CCCCCNC(=O)CCC(=O)N(O)CCCCCNC(=O)CCC(=O)N(O)CCCCCN,5.0,-1.278753601,560.6930000000002,9,6,0.9221000000000046,0,-1.6695,0.0214042492677162,560.6930000000002,9,6,0.9221000000000046,0
CC(=O)N1CCN(c2ccc(OCC3COC(Cn4ccnc4)(c4ccc(Cl)cc4Cl)O3)cc2)CC1,75.0,0.4771212547196624,531.4399999999999,7,0,4.205800000000003,0,-3.8,0.0001584893192461,531.4399999999999,7,0,4.205800000000003,0
CC(=O)N=c1sc(S(N)(=O)=O)nn1C,99.99,3.9999565683799703,236.278,6,1,-1.4237999999999995,1,-1.92,0.0120226443461741,236.278,6,1,-1.4237999999999995,1
CC(=O)NCC1CN(c2ccc(N3CCOCC3)c(F)c2)C(=O)O1,99.0,1.995635195,337.35100000000006,5,1,1.1235999999999997,1,-2.07,0.0085113803820237,337.35100000000006,5,1,1.1235999999999997,1
CC(=O)Nc1c(I)c(NC(C)=O)c(I)c(C(=O)O)c1I,5.0,-1.278753601,613.9150000000002,3,3,3.1154,0,-2.01,0.0097723722095581,613.9150000000002,3,3,3.1154,0
CC(=O)Nc1ccc(O)cc1,88.0,0.865301426,151.165,2,2,1.3505999999999998,1,-3.7369714793977744,0.000183243475645,151.165,2,2,1.3505999999999998,1
CC(=O)Nc1nnc(S(N)(=O)=O)s1,99.0,1.995635195,222.251,6,2,-0.8561000000000003,1,-2.44,0.003630780547701,222.251,6,2,-0.8561000000000003,1
CC(=O)OC1(C(C)=O)CCC2C3C=C(C)C4=CC(=O)CCC4(C)C3CCC21C,90.0,0.954242509,384.51600000000025,4,0,4.575300000000005,1,-5.35,4.466835921509635e-06,384.51600000000025,4,0,4.575300000000005,1
CC(=O)OC1C(=O)C2(C)C(O)CC3OCC3(OC(C)=O)C2C(OC(=O)c2ccccc2)C2(O)CC(OC(=O)C(O)C(NC(=O)c3ccccc3)c3ccccc3)C(C)=C1C2(C)C,6.5,-1.157898254,853.9180000000001,14,4,3.735700000000003,0,-6.63,2.344228815319923e-07,853.9180000000001,14,4,3.735700000000003,0
CC(=O)OCC1=C(C(=O)O)N2C(=O)C(NC(=O)Cc3cccs3)C2SC1,0.0,-2.0,396.4460000000001,7,2,0.5923000000000007,1,-2.94,0.0011481536214968,396.4460000000001,7,2,0.5923000000000007,1
CC(=O)Oc1ccc2c3c1OC1C(OC(C)=O)C=CC4C(C2)N(C)CCC341,1.0,-1.995635195,369.41700000000014,6,0,1.9886,1,-2.8,0.0015848931924611,369.41700000000014,6,0,1.9886,1
CC(=O)Oc1ccccc1C(=O)O,68.0,0.3273589343863303,180.15899999999996,3,1,1.3101,1,-1.72,0.0190546071796324,180.15899999999996,3,1,1.3101,1
CC(=O)SC1CC2=CC(=O)CCC2(C)C2CCC3(C)C(CCC34CCC(=O)O4)C12,25.0,-0.477121255,416.58300000000025,5,0,4.852300000000005,1,-4.28,5.248074602497723e-05,416.58300000000025,5,0,4.852300000000005,1
CC(C(=O)O)c1ccc(-c2ccccc2)c(F)c1,92.0,1.06069784,244.265,1,1,3.6808000000000023,1,-4.49,3.235936569296281e-05,244.265,1,1,3.6808000000000023,1
CC(C(=O)O)c1ccc(C(=O)c2cccs2)cc1,92.0,1.06069784,260.31399999999996,3,1,3.167200000000001,1,-2.0,0.01,260.31399999999996,3,1,3.167200000000001,1
CC(C(=O)O)c1ccc2c(c1)[nH]c1ccc(Cl)cc12,90.0,0.9542425094393248,273.719,1,2,4.162600000000002,1,-4.7,1.9952623149688783e-05,273.719,1,2,4.162600000000002,1
CC(C(=O)O)c1cccc(C(=O)c2ccccc2)c1,90.0,0.954242509,254.285,2,1,3.1057000000000015,1,-3.7,0.0001995262314968,254.285,2,1,3.1057000000000015,1
CC(C(=O)O)c1cccc(Oc2ccccc2)c1,80.0,0.6020599913279624,242.274,2,1,3.6670000000000016,1,-3.7,0.0001995262314968,242.274,2,1,3.6670000000000016,1
CC(C)(C)NC(=O)C1CCC2C3CC=C4C=C(C(=O)O)CCC4(C)C3CCC12C,93.0,1.123384909,399.5750000000003,2,2,5.101000000000004,0,-8.76,1.737800828749376e-09,399.5750000000003,2,2,5.101000000000004,0
CC(C)(C)NC(=O)C1CN(Cc2cccnc2)CCN1CC(O)CC(Cc1ccccc1)C(=O)NC1c2ccccc2CC1O,65.0,0.268845312,613.8030000000003,7,4,2.8669000000000016,0,-3.94,0.0001148153621496,613.8030000000003,7,4,2.8669000000000016,0
CC(C)(C)NCC(O)COc1cccc2c1CC(O)C(O)C2,30.0,-0.3679767852945944,309.406,5,4,0.6347999999999998,1,-1.01,0.097723722095581,309.406,5,4,0.6347999999999998,1
CC(C)(C)NCC(O)COc1ccccc1C1CCCC1,93.0,1.1233849085396783,291.4350000000001,3,2,3.472000000000002,1,-1.84,0.0144543977074592,291.4350000000001,3,2,3.472000000000002,1
CC(C)(C)NCC(O)c1ccc(O)c(CO)c1,44.0,-0.104735350520013,239.315,4,4,1.3059999999999998,1,-1.2298,0.0589114890329541,239.315,4,4,1.3059999999999998,1
CC(C)(C)c1ccc(C(O)CCCN2CCC(C(O)(c3ccccc3)c3ccccc3)CC2)cc1,1.0,-1.995635195,471.6850000000001,3,2,6.445800000000008,0,-6.69,2.0417379446695278e-07,471.6850000000001,3,2,6.445800000000008,0
CC(C)(S)C(N)C(=O)O,50.0,0.0,149.215,3,3,0.1066999999999998,1,-0.13,0.7413102413009175,149.215,3,3,0.1066999999999998,1
CC(C)=CCN1CCC2(C)c3cc(O)ccc3CC1C2C,18.0,-0.6585413472804106,285.43100000000004,2,1,3.8826000000000023,1,-3.8,0.0001584893192461,285.43100000000004,2,1,3.8826000000000023,1
CC(C)CCCC(C)C1CCC2C3CC=C4CC(O)CCC4(C)C3CCC12C,38.0,-0.2126080928814437,386.6640000000002,1,1,7.388700000000009,0,-7.0,1e-07,386.6640000000002,1,1,7.388700000000009,0
CC(C)Cc1ccc(C(C)C(=O)O)cc1,85.0,0.7533276666586115,206.28499999999997,1,1,3.073200000000001,1,-3.992248354700001,0.0001018009065112,206.28499999999997,1,1,3.073200000000001,1
CC(C)N(CCC(C(N)=O)(c1ccccc1)c1ccccn1)C(C)C,83.0,0.688629171,339.4830000000001,3,1,3.361900000000002,1,-1.7,0.0199526231496888,339.4830000000001,3,1,3.361900000000002,1
CC(C)N=c1cc2n(-c3ccc(Cl)cc3)c3ccccc3nc-2cc1Nc1ccc(Cl)cc1,57.0,0.1224064,473.40700000000015,4,1,7.489800000000005,0,-6.24,5.754399373371567e-07,473.40700000000015,4,1,7.489800000000005,0
CC(C)NCC(O)COc1ccc(CC(N)=O)cc1,56.0,0.104735351,266.34099999999995,4,3,0.4521,1,-1.3016,0.0499344188721349,266.34099999999995,4,3,0.4521,1
CC(C)NCC(O)COc1cccc2[nH]ccc12,88.0,0.865301426,248.326,3,3,1.9055999999999995,1,-3.93,0.0001174897554939,248.326,3,3,1.9055999999999995,1
CC(C)NCC(O)COc1cccc2ccccc12,26.0,-0.454258372,259.34900000000005,3,2,2.577500000000001,1,-3.6202,0.0002397728469963,259.34900000000005,3,2,2.577500000000001,1
CC(C)Nc1cccnc1N1CCN(C(=O)c2cc3cc(NS(C)(=O)=O)ccc3[nH]2)CC1,85.0,0.753327667,456.5720000000002,6,3,2.7171000000000003,1,-4.76,1.7378008287493764e-05,456.5720000000002,6,3,2.7171000000000003,1
CC(C)c1nc(CN(C)C(=O)NC(C(=O)NC(Cc2ccccc2)CC(O)C(Cc2ccccc2)NC(=O)OCc2cncs2)C(C)C)cs1,70.0,0.367976785,720.9620000000001,9,4,5.905200000000005,0,-5.16,6.9183097091893625e-06,720.9620000000001,9,4,5.905200000000005,0
CC(C)n1c(C=CC(O)CC(O)CC(=O)O)c(-c2ccc(F)cc2)c2ccccc21,24.0,-0.500602351,411.473,4,3,4.628100000000003,1,-3.83,0.0001479108388168,411.473,4,3,4.628100000000003,1
CC(CCC(=O)O)C1CCC2C3C(O)CC4CC(O)CCC4(C)C3CCC12C,38.0,-0.2126080928814437,392.5800000000002,3,3,4.477900000000004,1,-4.57,2.691534803926914e-05,392.5800000000002,3,3,4.477900000000004,1
CC(CCc1ccccc1)NCC(O)c1ccc(O)c(C(N)=O)c1,25.0,-0.477121255,328.4120000000001,4,4,2.1353999999999997,1,-3.45,0.0003548133892335,328.4120000000001,4,4,2.1353999999999997,1
CC(CN(C)C)CN1c2ccccc2CCc2ccccc21,40.0,-0.1760912590556812,294.442,2,0,4.121000000000003,1,-4.79,1.62181009735893e-05,294.442,2,0,4.121000000000003,1
CC(CN1c2ccccc2Sc2ccccc21)N(C)C,25.0,-0.477121255,284.428,3,0,4.239400000000003,1,-4.26,5.495408738576248e-05,284.428,3,0,4.239400000000003,1
CC(COc1ccccc1)NC(C)C(O)c1ccc(O)cc1,2.2,-1.6479161739653951,301.386,4,3,2.871200000000001,1,-1.53,0.0295120922666638,301.386,4,3,2.871200000000001,1
CC(Cc1ccccc1)NCCC(c1ccccc1)c1ccccc1,15.0,-0.7533276666586115,329.487,1,1,5.4294000000000056,0,-3.82,0.0001513561248436,329.487,1,1,5.4294000000000056,0
CC(O)(P(=O)(O)O)P(=O)(O)O,5.0,-1.278753601,206.027,3,5,-0.9922000000000002,1,0.5249,3.3488831939422203,206.027,3,5,-0.9922000000000002,1
CC(O)Cn1cnc2c1c(=O)n(C)c(=O)n2C,99.0,1.99563519459755,238.247,7,1,-1.1855,1,0.623,4.1975898399100755,238.247,7,1,-1.1855,1
CC1(C)C(C=C(Cl)Cl)C1C(=O)OCc1cccc(Oc2ccccc2)c1,60.0,0.176091259,391.2940000000001,3,0,6.113300000000004,0,-6.291,5.116818355403073e-07,391.2940000000001,3,0,6.113300000000004,0
CC1(C)OC2CC3C4CCC5=CC(=O)C=CC5(C)C4(F)C(O)CC3(C)C2(C(=O)CO)O1,23.0,-0.524762889,434.50400000000025,6,2,2.4188000000000005,1,-4.32,4.786300923226381e-05,434.50400000000025,6,2,2.4188000000000005,1
CC1(C)SC2C(N=CN3CCCCCC3)C(=O)N2C1C(=O)O,5.0,-1.278753601,325.4339999999999,4,1,1.4062,1,-4.5,3.1622776601683795e-05,325.4339999999999,4,1,1.4062,1
CC1(C)SC2C(NC(=O)C(N)c3ccc(O)cc3)C(=O)N2C1C(=O)O,93.0,1.123384909,365.4110000000001,6,4,0.0237000000000004,1,-2.17,0.0067608297539198,365.4110000000001,6,4,0.0237000000000004,1
CC1(C)SC2C(NC(=O)C(N)c3ccccc3)C(=O)N2C1C(=O)O,62.0,0.212608093,349.4120000000001,5,3,0.3181000000000002,1,-1.99,0.0102329299228075,349.4120000000001,5,3,0.3181000000000002,1
CC1(C)SC2C(NC(=O)Cc3ccccc3)C(=O)N2C1C(=O)O,30.0,-0.367976785,334.39700000000005,4,2,0.8607999999999998,1,-1.63,0.0234422881531992,334.39700000000005,4,2,0.8607999999999998,1
CC12C=CC(=O)C=C1CCC1C2C(=O)CC2(C)C1CCC2(O)C(=O)CO,70.0,0.367976785,358.43400000000014,5,2,1.7658,1,-3.48,0.0003311311214825,358.43400000000014,5,2,1.7658,1
CC12C=CC(=O)C=C1CCC1C2C(O)CC2(C)C1CCC2(O)C(=O)CO,70.0,0.3679767852945944,360.4500000000002,5,3,1.5576,1,-3.21,0.0006165950018614,360.4500000000002,5,3,1.5576,1
CC12C=CC(=O)C=C1CCC1C3CC(O)C(O)(C(=O)CO)C3(C)CC(O)C12F,23.0,-0.524762889154889,394.4390000000002,6,4,0.6204999999999998,1,-3.69,0.0002041737944669,394.4390000000002,6,4,0.6204999999999998,1
CC12CCC(=O)C=C1C=CC1C2CCC2(C)C1CCC21CCC(=O)O1,25.0,-0.4771212547196624,340.46300000000014,3,0,4.370100000000003,1,-4.1007061575,7.930377162267474e-05,340.46300000000014,3,0,4.370100000000003,1
CC12CCC(=O)C=C1CCC1C2C(O)CC2(C)C1CCC2(O)C(=O)CO,70.0,0.3679767852945944,362.4660000000002,5,3,1.7815999999999996,1,-3.1,0.0007943282347242,362.4660000000002,5,3,1.7815999999999996,1
CC12CCC(=O)C=C1CCC1C2CCC2(C)C(O)CCC12,4.0,-1.380211242,288.43100000000004,2,1,3.879200000000002,1,-4.09,8.128305161640995e-05,288.43100000000004,2,1,3.879200000000002,1
CC12CCC(=O)C=C1CCC1C2CCC2(C)C1CCC2(C)O,50.0,0.0,302.458,2,1,4.269300000000005,1,-3.999,0.0001002305238077,302.458,2,1,4.269300000000005,1
CC12CCC3C4CCC(=O)C=C4CCC3C1CCC2O,2.24,-1.639913175,274.40399999999994,2,1,3.4891000000000028,1,-3.02,0.0009549925860214,274.40399999999994,2,1,3.4891000000000028,1
CC12CCC3c4ccc(O)cc4CCC3C1CCC2O,5.0,-1.278753601,272.3879999999999,2,2,3.609200000000002,1,-5.03,9.332543007969906e-06,272.3879999999999,2,2,3.609200000000002,1
CC1=C(C(=O)O)N2C(=O)C(NC(=O)C(N)C3=CCC=CC3)C2SC1,94.0,1.194976603,349.4120000000001,5,3,0.3486000000000011,1,-1.22,0.0602559586074357,349.4120000000001,5,3,0.3486000000000011,1
CC1=C(C(=O)O)N2C(=O)C(NC(=O)C(N)c3ccccc3)C2SC1,90.0,0.954242509,347.3960000000001,5,3,0.4449000000000012,1,-1.58,0.0263026799189538,347.3960000000001,5,3,0.4449000000000012,1
CC1=C(CC(=O)O)c2cc(F)ccc2C1=Cc1ccc(S(C)=O)cc1,88.0,0.865301426,356.41800000000006,2,1,4.365500000000003,1,-5.0,1e-05,356.41800000000006,2,1,4.365500000000003,1
CC1=Nc2ccc(Cl)cc2S(=O)(=O)N1,90.0,0.954242509,230.676,3,1,1.6818,1,-3.36,0.0004365158322401,230.676,3,1,1.6818,1
CC1C(NC(=O)C(=NOC(C)(C)C(=O)O)c2csc(N)n2)C(=O)N1S(=O)(=O)O,1.0,-1.995635195,435.44000000000017,10,4,-1.172499999999998,1,-1.64,0.0229086765276777,435.44000000000017,10,4,-1.172499999999998,1
CC1CC2C(C(O)CC3(C)C2CCC3(O)C(=O)CO)C2(C)C=CC(=O)C=C12,82.0,0.658541347,374.4770000000001,5,3,1.8036,1,-3.49,0.0003235936569296,374.4770000000001,5,3,1.8036,1
CC1CC2C3CCC4=CC(=O)C=CC4(C)C3=CCC2(C)C1C(=O)CN1CCN(c2cc(N3CCCC3)nc(N3CCCC3)n2)CC1,12.0,-0.8653014261025438,624.8739999999999,8,0,5.458300000000006,0,-7.59,2.5703957827688653e-08,624.8739999999999,8,0,5.458300000000006,0
CC1CN(c2c(F)c(N)c3c(=O)c(C(=O)O)cn(C4CC4)c3c2F)CC(C)N1,92.0,1.06069784,392.4060000000002,6,3,2.0816,1,-3.371,0.0004255984131337,392.4060000000002,6,3,2.0816,1
CC1CN(c2cc3c(cc2F)c(=O)c(C(=O)O)cn3-c2ccc(F)cc2F)CCN1,95.0,1.2787536009528289,417.38700000000006,5,2,2.904300000000001,1,-3.8,0.0001584893192461,417.38700000000006,5,2,2.904300000000001,1
CC1COc2c(N3CCN(C)CC3)c(F)cc3c(=O)c(C(=O)O)cn1c23,97.5,1.591064607,361.3730000000001,6,1,1.5439999999999998,1,-1.27,0.0537031796370252,361.3730000000001,6,1,1.5439999999999998,1
CC1OC(OC2C(O)CC(OC3C(O)CC(OC4CCC5(C)C(CCC6C5CC(O)C5(C)C(C7=CC(=O)OC7)CCC65O)C4)OC3C)OC2C)CC(O)C1O,70.0,0.367976785,780.9490000000002,14,6,2.218100000000003,0,-4.16,6.918309709189363e-05,780.9490000000002,14,6,2.218100000000003,0
CC1OC(OC2C(O)CC(OC3C(O)CC(OC4CCC5(C)C(CCC6C5CCC5(C)C(C7=CC(=O)OC7)CCC65O)C4)OC3C)OC2C)CC(O)C1O,95.0,1.2787536009528289,764.9500000000003,13,5,3.2473000000000014,0,-5.293,5.093308710571953e-06,764.9500000000003,13,5,3.2473000000000014,0
CC1c2cccc(O)c2C(=O)C2=C(O)C3(O)C(=O)C(C(N)=O)=C(O)C(N(C)C)C3C(O)C21,93.0,1.123384909,444.44000000000017,9,6,-0.3475999999999985,0,-2.87,0.0013489628825916,444.44000000000017,9,6,-0.3475999999999985,0
CCC(=O)N(c1ccccc1)C1(COC)CCN(CCc2cccs2)CC1,0.0,-2.0,386.56100000000015,4,0,4.214800000000004,1,-3.71,0.0001949844599758,386.56100000000015,4,0,4.214800000000004,1
CCC(=O)N(c1ccccc1)C1CCN(CCc2ccccc2)CC1,1.0,-1.995635195,336.47900000000004,2,0,4.136700000000004,1,-3.82,0.0001513561248436,336.47900000000004,2,0,4.136700000000004,1
CCC(=O)OC(Cc1ccccc1)(c1ccccc1)C(C)CN(C)C,30.0,-0.3679767852945944,339.47900000000016,3,0,4.275500000000004,1,-5.01,9.772372209558113e-06,339.47900000000016,3,0,4.275500000000004,1
CCC(C)(C)C(=O)OC1CC(C)C=C2C=CC(C)C(CCC3CC(O)CC(=O)O3)C21,3.0,-1.50965048,418.57400000000024,5,1,4.585600000000005,1,-6.0,1e-06,418.57400000000024,5,1,4.585600000000005,1
CCC(C)C(=O)OC1CC(C)C=C2C=CC(C)C(CCC3CC(O)CC(=O)O3)C21,5.0,-1.278753601,404.54700000000025,5,1,4.195500000000004,1,-6.01,9.77237220955811e-07,404.54700000000025,5,1,4.195500000000004,1
CCC(CO)NCCNC(CC)CO,77.0,0.524762889,204.314,4,4,-0.292599999999999,1,0.55,3.548133892335755,204.314,4,4,-0.292599999999999,1
CCC1(CCC(C)C)C(=O)NC(=O)NC1=O,95.0,1.278753601,226.276,3,2,1.1849999999999998,1,-2.658,0.0021978598727848,226.276,3,2,1.1849999999999998,1
CCC1(c2ccccc2)C(=O)NC(=O)N(C)C1=O,73.0,0.431959096,246.2659999999999,3,1,1.0426,1,-3.68,0.0002089296130854,246.2659999999999,3,1,1.0426,1
CCC1(c2ccccc2)C(=O)NC(=O)NC1=O,99.0,1.995635195,232.23899999999995,3,2,0.7004,1,-2.34,0.0045708818961487,232.23899999999995,3,2,0.7004,1
CCC1(c2ccccc2)C(=O)NCNC1=O,92.0,1.06069784,218.25599999999991,2,2,0.5378999999999999,1,-2.64,0.0022908676527677,218.25599999999991,2,2,0.5378999999999999,1
CCC1C2CC3C4N(C)c5ccccc5C45CC(C2C5O)N3C1O,20.0,-0.6020599913279624,326.44,4,2,1.5545,1,-2.89,0.0012882495516931,326.44,4,2,1.5545,1
CCC1OC(=O)C(C)C(OC2CC(C)(OC)C(O)C(C)O2)C(C)C(OC2OC(C)CC(N(C)C)C2O)C(C)(O)CC(C)C(=O)C(C)C(O)C1(C)O,35.0,-0.268845312,733.9370000000002,14,5,1.785600000000004,0,-1.27,0.0537031796370252,733.9370000000002,14,5,1.785600000000004,0
CCC1OC(=O)C(C)C(OC2CC(C)(OC)C(O)C(C)O2)C(C)C(OC2OC(C)CC(N(C)C)C2O)C(C)(OC)CC(C)C(=O)C(C)C(O)C1(C)O,55.0,0.0871501757189002,747.9640000000002,14,4,2.439700000000004,0,-2.2,0.0063095734448019,747.9640000000002,14,4,2.439700000000004,0
CCCC(=O)Nc1ccc(OCC(O)CNC(C)C)c(C(C)=O)c1,37.0,-0.231138825,336.4320000000001,5,3,2.3655,1,-2.2,0.0063095734448019,336.4320000000001,5,3,2.3655,1
CCCC(C)C1(CC)C(=O)NC(=O)NC1=O,80.0,0.602059991,226.276,3,2,1.1849999999999998,1,-2.52,0.003019951720402,226.276,3,2,1.1849999999999998,1
CCCC(CCC)C(=O)O,99.0,1.99563519459755,144.214,1,1,2.2874,1,-1.86,0.0138038426460288,144.214,1,1,2.2874,1
CCCC1C(=O)N2C(N(C)C)=Nc3ccc(C)cc3N2C1=O,83.0,0.6886291709978,300.3620000000001,4,0,2.0642199999999997,1,-3.54,0.0002884031503126,300.3620000000001,4,0,2.0642199999999997,1
CCCCC(=O)N(Cc1ccc(-c2ccccc2-c2nnn[nH]2)cc1)C(C(=O)O)C(C)C,23.0,-0.524762889,435.52800000000013,5,2,4.161700000000002,1,-4.2,6.309573444801929e-05,435.52800000000013,5,2,4.161700000000002,1
CCCCC1=NC2(CCCC2)C(=O)N1Cc1ccc(-c2ccccc2-c2nn[nH]n2)cc1,70.0,0.367976785,428.5400000000001,5,1,4.777400000000004,1,-4.064141914275573,8.626965985984959e-05,428.5400000000001,5,1,4.777400000000004,1
CCCCCC(O)C=CC1C(O)CC(=O)C1CCCCCCC(=O)O,15.0,-0.753327667,354.48700000000014,4,3,3.475100000000002,1,-3.67,0.0002137962089502,354.48700000000014,4,3,3.475100000000002,1
CCCCCCCCCCCCCCCCCCCCCCO,0.0,-2.0,326.60900000000004,1,1,7.800600000000008,0,-5.5140281478999995,3.061764985284948e-06,326.60900000000004,1,1,7.800600000000008,0
CCCCCCCN(CC)CCCC(O)c1ccc(NS(C)(=O)=O)cc1,8.0,-1.0606978403536116,384.58600000000007,4,2,4.164000000000003,1,-1.81,0.0154881661891248,384.58600000000007,4,2,4.164000000000003,1
CCCCN1CCCCC1C(=O)Nc1c(C)cccc1C,0.0,-2.0,288.43500000000006,2,1,3.8965400000000026,1,-3.224,0.0005970352865838,288.43500000000006,2,1,3.8965400000000026,1
CCCCNC(=O)NS(=O)(=O)c1ccc(C)cc1,85.0,0.753327667,270.354,3,2,1.78302,1,-3.39,0.0004073802778041,270.354,3,2,1.78302,1
CCCCNc1cc(C(=O)O)cc(S(N)(=O)=O)c1Oc1ccccc1,90.0,0.954242509,364.42300000000006,5,3,3.036500000000001,1,-3.56,0.0002754228703338,364.42300000000006,5,3,3.036500000000001,1
CCCCc1oc2ccccc2c1C(=O)c1cc(I)c(OCCN(CC)CC)c(I)c1,46.0,-0.0696359281413944,645.3190000000002,4,0,6.936200000000007,0,-8.174,6.698846094165272e-09,645.3190000000002,4,0,6.936200000000007,0
CCCN(CCC)S(=O)(=O)c1ccc(C(=O)O)cc1,99.0,1.99563519459755,285.36499999999995,3,1,2.1955,1,-4.88,1.3182567385564074e-05,285.36499999999995,3,1,2.1955,1
CCCNC(=O)NS(=O)(=O)c1ccc(Cl)cc1,95.0,1.278753601,276.745,3,2,1.7379,1,-3.25,0.0005623413251903,276.745,3,2,1.7379,1
CCCSc1ccc2[nH]c(NC(=O)OC)nc2c1,5.0,-1.278753601,265.33799999999997,4,2,3.2433000000000005,1,-4.22,6.0255958607435806e-05,265.33799999999997,4,2,3.2433000000000005,1
CCCc1cc(=O)[nH]c(=S)[nH]1,85.0,0.753327667,170.237,2,2,1.38499,1,-2.1504,0.0070729404240457,170.237,2,2,1.38499,1
CCCc1nc(C)c2c(=O)nc(-c3cc(S(=O)(=O)N4CCN(CC)CC4)ccc3OCC)[nH]n12,15.0,-0.753327667,488.6140000000004,8,1,2.07042,1,-4.8438678664,1.4326237070994828e-05,488.6140000000004,8,1,2.07042,1
CCN(CC)C(=O)Nc1ccc(OCC(O)CNC(C)(C)C)c(C(C)=O)c1,40.0,-0.176091259,379.5010000000002,5,3,2.8907000000000007,1,-1.9,0.0125892541179416,379.5010000000002,5,3,2.8907000000000007,1
CCN(CC)C(=S)SSC(=S)N(CC)CC,80.0,0.602059991,296.5520000000001,4,0,3.621200000000002,1,-4.8603775493,1.379184763650517e-05,296.5520000000001,4,0,3.621200000000002,1
CCN(CC)C(C)CN1c2ccccc2Sc2ccccc21,5.0,-1.278753601,312.482,3,0,5.019600000000005,0,-2.15,0.0070794578438413,312.482,3,0,5.019600000000005,0
CCN(CC)CC(=O)Nc1c(C)cccc1C,35.0,-0.268845312,234.343,2,1,2.5837400000000006,1,-1.78,0.0165958690743756,234.343,2,1,2.5837400000000006,1
CCN(CC)CCNC(=O)c1cc(Cl)c(N)cc1OC,76.0,0.500602351,299.8020000000001,4,2,2.0023999999999997,1,-3.565,0.0002722701308077,299.8020000000001,4,2,2.0023999999999997,1
CCN(CC)CCNC(=O)c1ccc(N)cc1,83.0,0.6886291709978,235.331,3,2,1.3403999999999996,1,-1.359,0.0437522105158252,235.331,3,2,1.3403999999999996,1
CCN(CC)CCOC(=O)c1ccc(N)cc1,0.0,-2.0,236.315,4,1,1.7674,1,-1.72,0.0190546071796324,236.315,4,1,1.7674,1
CCN(CC)Cc1cc(Nc2ccnc3cc(Cl)ccc23)ccc1O,75.0,0.4771212547196624,355.8690000000001,4,2,5.179200000000004,0,-5.792,1.6143585568264869e-06,355.8690000000001,4,2,5.179200000000004,0
CCNCC(O)c1cccc(O)c1,55.0,0.087150176,181.235,3,3,1.0351,1,-3.4541026398000003,0.0003514773636504,181.235,3,3,1.0351,1
CCO,80.0,0.602059991,46.069,1,1,-0.0014,1,1.1,12.589254117941676,46.069,1,1,-0.0014,1
CCOC(=O)C(CCc1ccccc1)NC(C)C(=O)N1CCCC1C(=O)O,49.0,-0.0173740960694226,376.45300000000026,5,2,1.6046,1,-1.36,0.0436515832240165,376.45300000000026,5,2,1.6046,1
CCOC(=O)C1(c2ccccc2)CCN(C)CC1,52.0,0.034762106,247.3379999999999,3,0,2.2131,1,-1.89,0.0128824955169313,247.3379999999999,3,0,2.2131,1
CCOC(=O)C1=C(C)NC(C)=C(C(=O)OC)C1c1cccc(Cl)c1Cl,15.0,-0.753327667,384.259,5,1,3.9643000000000033,1,-5.89,1.288249551693135e-06,384.259,5,1,3.9643000000000033,1
CCOC(=O)C1=CC2(CC)CCCN3CCc4c(n1c1ccccc41)C32,6.6999998,-1.143806855,350.462,4,0,4.148300000000003,1,-4.84,1.445439770745928e-05,350.462,4,0,4.148300000000003,1
CCOC(=O)Nc1ccc2c(c1)N(C(=O)CCN1CCOCC1)c1ccccc1S2,38.0,-0.212608093,427.52600000000024,6,1,4.106600000000004,1,-3.9,0.0001258925411794,427.52600000000024,6,1,4.106600000000004,1
CCOc1ccc(NC(C)=O)cc1,25.0,-0.477121255,179.219,2,1,2.0437,1,-2.37,0.0042657951880159,179.219,2,1,2.0437,1
CCOc1ccc2nc(S(N)(=O)=O)sc2c1,65.0,0.268845312,258.32399999999996,5,1,1.3424,1,-4.03,9.332543007969905e-05,258.32399999999996,5,1,1.3424,1
CCOc1nc2cccc(C(=O)O)c2n1Cc1ccc(-c2ccccc2-c2nn[nH]n2)cc1,42.0,-0.1401787031650368,440.4630000000001,7,2,4.028600000000002,1,-6.4977813968,3.1784735605786764e-07,440.4630000000001,7,2,4.028600000000002,1
CCc1[nH]c(=O)[nH]c1C(=O)c1ccncc1,81.0,0.629731418,217.228,3,2,0.8914000000000001,1,-1.99,0.0102329299228075,217.228,3,2,0.8914000000000001,1
CCc1cccc2c3c([nH]c12)C(CC)(CC(=O)O)OCC3,90.0,0.954242509,287.35900000000004,2,2,3.383000000000002,1,-3.31,0.0004897788193684,287.35900000000004,2,2,3.383000000000002,1
CCn1cc(C(=O)O)c(=O)c2cc(F)c(N3CCN(C)CC3)cc21,90.0,0.954242509,333.36300000000006,5,1,1.6105000000000005,1,-1.47,0.0338844156139202,333.36300000000006,5,1,1.6105000000000005,1
CCn1cc(C(=O)O)c(=O)c2cc(F)c(N3CCNC(C)C3)c(F)c21,97.0,1.5096504795465824,351.353,5,2,1.7959,1,-2.53,0.0029512092266663,351.353,5,2,1.7959,1
CCn1cc(C(=O)O)c(=O)c2cc(F)c(N3CCNCC3)cc21,35.0,-0.2688453122925799,319.336,5,2,1.2683,1,-3.06,0.000870963589956,319.336,5,2,1.2683,1
CCn1cc(C(=O)O)c(=O)c2cc(F)c(N3CCNCC3)nc21,87.0,0.8255759,320.324,6,2,0.6633000000000002,1,-2.92,0.0012022644346174,320.324,6,2,0.6633000000000002,1
CCn1cc(C(=O)O)c(=O)c2cc3c(cc21)OCO3,50.0,0.0,261.23299999999995,5,1,1.4483,1,-4.38,4.168693834703355e-05,261.23299999999995,5,1,1.4483,1
CCn1cc(C(=O)O)c(=O)c2ccc(C)nc21,96.0,1.380211241711606,232.239,4,1,1.4230200000000002,1,-3.61,0.0002454708915685,232.239,4,1,1.4230200000000002,1
CCn1cc(C(=O)O)c(=O)c2cnc(N3CCNCC3)nc21,93.0,1.1233849085396783,303.32200000000006,7,2,-0.0807999999999999,1,-2.98,0.0010471285480508,303.32200000000006,7,2,-0.0807999999999999,1
CN(C)C(=O)C(CCN1CCC(O)(c2ccc(Cl)cc2)CC1)(c1ccccc1)c1ccccc1,40.0,-0.1760912590556812,477.0480000000002,3,1,5.088000000000005,0,-7.074,8.433347577642758e-08,477.0480000000002,3,1,5.088000000000005,0
CN(C)C1C(=O)C(C(N)=O)=C(O)C2(O)C(=O)C3=C(O)c4c(O)ccc(Cl)c4C(C)(O)C3CC12,30.0,-0.367976785,478.8850000000002,9,6,0.2824000000000005,0,-2.88,0.0013182567385564,478.8850000000002,9,6,0.2824000000000005,0
CN(C)C1C(=O)C(C(N)=O)=C(O)C2(O)C(=O)C3=C(O)c4c(O)cccc4C(C)(O)C3C(O)C12,58.0,0.140178703,460.43900000000014,10,7,-1.4001999999999974,0,-3.17,0.0006760829753919,460.43900000000014,10,7,-1.4001999999999974,0
CN(C)C1C(O)=C(C(N)=O)C(=O)C2(O)C(O)=C3C(=O)c4c(O)ccc(Cl)c4C(O)C3CC12,66.0,0.288065018,464.8580000000002,9,6,0.2649000000000006,0,-2.52,0.003019951720402,464.8580000000002,9,6,0.2649000000000006,0
CN(C)CCC=C1c2ccccc2CCc2ccccc21,48.0,-0.0347621062592119,277.411,1,0,4.168600000000003,1,-4.55,2.818382931264455e-05,277.411,1,0,4.168600000000003,1
CN(C)CCC=C1c2ccccc2COc2ccccc21,30.0,-0.367976785,279.383,2,0,3.9624000000000033,1,-3.95,0.0001122018454301,279.383,2,0,3.9624000000000033,1
CN(C)CCC=C1c2ccccc2Sc2ccc(Cl)cc21,41.0,-0.158068155,315.869,2,0,5.188000000000004,0,-6.75,1.778279410038923e-07,315.869,2,0,5.188000000000004,0
CN(C)CCCN1c2ccccc2CCc2ccccc21,42.0,-0.1401787031650368,280.415,2,0,3.875000000000002,1,-4.19,6.456542290346549e-05,280.415,2,0,3.875000000000002,1
CN(C)CCCN1c2ccccc2Sc2ccc(Cl)cc21,25.0,-0.477121255,318.8730000000001,3,0,4.894400000000004,1,-5.1,7.943282347242822e-06,318.8730000000001,3,0,4.894400000000004,1
CN(C)CCCN1c2ccccc2Sc2ccccc21,16.25,-0.7121314503939896,284.42800000000005,3,0,4.241000000000003,1,-4.3017,4.992292237091714e-05,284.42800000000005,3,0,4.241000000000003,1
CN(C)CCCOC1(Cc2ccccc2)CCCCCC1,51.0,0.017374096,289.4630000000001,2,0,4.2904000000000035,1,-1.62,0.0239883291901948,289.4630000000001,2,0,4.2904000000000035,1
CN(C)CCCOc1nn(Cc2ccccc2)c2ccccc12,87.0,0.8255759,309.413,4,0,3.4151000000000016,1,-3.78,0.0001659586907437,309.413,4,0,3.4151000000000016,1
CN(C)CCN(Cc1cccs1)c1ccccn1,20.0,-0.602059991,261.394,4,0,2.7113000000000005,1,-2.64,0.0022908676527677,261.394,4,0,2.7113000000000005,1
CN(C)CCOC(C)(c1ccccc1)c1ccccn1,24.700001,-0.484098,270.37600000000003,3,0,2.923300000000001,1,-2.82,0.0015135612484362,270.37600000000003,3,0,2.923300000000001,1
CN(C)CCOC(c1ccccc1)c1ccccc1,72.0,0.410174465,255.361,2,0,3.3542000000000023,1,-2.95,0.0011220184543019,255.361,2,0,3.3542000000000023,1
CN(Cc1cc(Br)cc(Br)c1N)C1CCCCC1,77.5,0.537119184,376.13600000000025,2,1,4.558300000000004,1,-1.9733,0.0106340818809969,376.13600000000025,2,1,4.558300000000004,1
CN(Cc1cnc2nc(N)nc(N)c2n1)c1ccc(C(=O)NC(CCC(=O)O)C(=O)O)cc1,33.0,-0.307560863,454.44700000000023,10,5,0.2684000000000012,1,-4.0,0.0001,454.44700000000023,10,5,0.2684000000000012,1
CN1C(=O)C(O)N=C(c2ccccc2)c2cc(Cl)ccc21,91.0,1.004798883,300.74500000000006,3,1,2.4722,1,-2.7,0.0019952623149688,300.74500000000006,3,1,2.4722,1
CN1C(=O)CCS(=O)(=O)C1c1ccc(Cl)cc1,99.0,1.995635195,273.741,3,0,1.6155000000000002,1,-2.0394,0.0091327169966481,273.741,3,0,1.6155000000000002,1
CN1C(=O)CN=C(c2ccccc2)c2cc(Cl)ccc21,99.0,1.99563519459755,284.74600000000004,2,0,3.153800000000002,1,-3.76,0.0001737800828749,284.74600000000004,2,0,3.153800000000002,1
CN1C(=O)CN=C(c2ccccc2)c2cc([N+](=O)[O-])ccc21,95.0,1.2787536009528289,295.29800000000006,4,0,2.4086000000000007,1,-3.8,0.0001584893192461,295.29800000000006,4,0,2.4086000000000007,1
CN1C(=O)NC(=O)C(C)(C2=CCCCC2)C1=O,95.0,1.278753601,236.27099999999993,3,1,1.2012999999999998,1,-2.91,0.0012302687708123,236.27099999999993,3,1,1.2012999999999998,1
CN1C(C(=O)Nc2ccccn2)=C(O)c2ccccc2S1(=O)=O,99.0,1.995635195,331.35300000000007,5,2,1.5809999999999995,1,-4.802,1.57761126969935e-05,331.35300000000007,5,2,1.5809999999999995,1
CN1C(C(=O)Nc2ccccn2)=C(O)c2sccc2S1(=O)=O,99.0,1.995635195,337.38200000000006,6,2,1.6425,1,-3.88,0.0001318256738556,337.38200000000006,6,2,1.6425,1
CN1C2CC(OC(=O)C(CO)c3ccccc3)CC1C1OC12,27.0,-0.431959096,303.358,5,1,0.9180999999999996,1,-1.24,0.0575439937337156,303.358,5,1,0.9180999999999996,1
CN1C2CCC1CC(OC(=O)C(CO)c1ccccc1)C2,50.0,0.0,289.37500000000006,4,1,1.9308999999999996,1,-2.12,0.0075857757502918,289.37500000000006,4,1,1.9308999999999996,1
CN1CCC23c4c5ccc(O)c4OC2C(=O)CCC3C1C5,42.0,-0.1401787031650368,285.34299999999996,4,1,1.6303,1,-2.1,0.0079432823472428,285.34299999999996,4,1,1.6303,1
CN1CCC23c4c5ccc(O)c4OC2C(O)C=CC3C1C5,24.0,-0.500602351,285.343,4,2,1.1981,1,-3.28,0.0005248074602497,285.343,4,2,1.1981,1
CN1CCCC1c1cccnc1,30.0,-0.3679767852945944,162.236,2,0,1.8483,1,0.79,6.165950018614822,162.236,2,0,1.8483,1
CN1CCN(C(c2ccccc2)c2ccccc2)CC1,75.0,0.4771212547196624,266.38800000000003,2,0,3.0234000000000014,1,-2.4255,0.0037540495447208,266.38800000000003,2,0,3.0234000000000014,1
CN1CCN(C2=Nc3cc(Cl)ccc3Nc3ccccc32)CC1,55.0,0.0871501757189002,326.83100000000013,4,1,3.7227000000000023,1,-4.64,2.290867652767775e-05,326.83100000000013,4,1,3.7227000000000023,1
CN1CCN(C2=Nc3ccccc3Oc3ccc(Cl)cc32)CC1,30.0,-0.367976785,327.8150000000001,4,0,3.7714000000000025,1,-4.42,3.801893963205613e-05,327.8150000000001,4,0,3.7714000000000025,1
CN1CCN(CCCN2c3ccccc3Sc3ccc(C(F)(F)F)cc32)CC1,99.99,3.9999565683799703,407.50500000000017,4,0,4.945600000000005,1,-4.5238,2.9936429427398578e-05,407.50500000000017,4,0,4.945600000000005,1
CN1CCN(CCCN2c3ccccc3Sc3ccc(Cl)cc32)CC1,15.0,-0.753327667,373.95300000000015,4,0,4.580200000000004,1,-4.4,3.9810717055349695e-05,373.95300000000015,4,0,4.580200000000004,1
CN1CCN(c2c(F)cc3c(=O)c(C(=O)O)cn(CCF)c3c2F)CC1,99.0,1.99563519459755,369.3430000000002,5,1,1.6991999999999998,1,-2.73,0.0018620871366628,369.3430000000002,5,1,1.6991999999999998,1
CN=C(NC#N)NCCSCc1nc[nH]c1C,60.0,0.176091259,252.347,4,3,0.5973999999999997,1,-1.692,0.0203235701093622,252.347,4,3,0.5973999999999997,1
CNC(=C[N+](=O)[O-])NCCSCc1ccc(CN(C)C)o1,52.0,0.034762106,314.411,7,2,1.459,1,-2.501,0.0031550046233746,314.411,7,2,1.459,1
CNC(=O)c1cc(Oc2ccc(NC(=O)Nc3ccc(Cl)c(C(F)(F)F)c3)cc2)ccn1,39.0,-0.194265228,464.8310000000002,4,3,5.549700000000003,0,-6.6672950838,2.151319512021189e-07,464.8310000000002,4,3,5.549700000000003,0
CNC(C)C(O)c1ccccc1,99.99,3.9999565683799703,165.236,2,2,1.3279,1,-0.42,0.3801893963205612,165.236,2,2,1.3279,1
CNC(C)Cc1ccccc1,67.0,0.3075608628229389,149.237,1,1,1.837,1,-1.1,0.0794328234724281,149.237,1,1,1.837,1
CNC1=Nc2ccc(Cl)cc2C(c2ccccc2)=[N+]([O-])C1,99.0,1.995635195,299.761,3,1,2.950700000000001,1,-4.48,3.3113112148259076e-05,299.761,3,1,2.950700000000001,1
CNC1CCC(c2ccc(Cl)c(Cl)c2)c2ccccc21,44.0,-0.104735351,306.236,1,1,5.179600000000004,0,-5.23,5.888436553555884e-06,306.236,1,1,5.179600000000004,0
CNCCC(Oc1ccc(C(F)(F)F)cc1)c1ccccc1,60.0,0.176091259,309.33099999999996,2,1,4.435000000000003,1,-1.59,0.0257039578276886,309.33099999999996,2,1,4.435000000000003,1
CNCCC=C1c2ccccc2CCc2ccccc21,51.0,0.017374096,263.38399999999996,1,1,3.826400000000003,1,-4.02,9.549925860214367e-05,263.38399999999996,1,1,3.826400000000003,1
CNCCCC12CCC(c3ccccc31)c1ccccc12,68.0,0.327358934,277.41100000000006,1,1,4.211400000000004,1,-4.691,2.037042077705719e-05,277.41100000000006,1,1,4.211400000000004,1
CNCCCN1c2ccccc2CCc2ccccc21,82.5,0.6734159,266.388,2,1,3.5328000000000026,1,-3.66,0.0002187761623949,266.388,2,1,3.5328000000000026,1
COC(=O)C1C(OC(=O)c2ccccc2)CC2CCC1N2C,57.0,0.1224064,303.35800000000006,5,0,1.8677,1,-2.23,0.0058884365535558,303.35800000000006,5,0,1.8677,1
COC(=O)Nc1nc2ccc(C(=O)c3ccccc3)cc2[nH]1,22.0,-0.549671922,295.298,4,2,2.972200000000001,1,-3.88,0.0001318256738556,295.298,4,2,2.972200000000001,1
COC12CCC3(CC1C(C)(O)C(C)(C)C)C1Cc4ccc(O)c5c4C3(CCN1CC1CC1)C2O5,28.0,-0.410174465,467.6500000000003,5,2,4.413800000000004,1,-4.37,4.265795188015926e-05,467.6500000000003,5,2,4.413800000000004,1
COC1=CC(=O)CC(C)C12Oc1c(Cl)c(OC)cc(OC)c1C2=O,47.5,-0.043465694,352.7700000000001,6,0,2.8103000000000007,1,-4.61,2.454708915685029e-05,352.7700000000001,6,0,2.8103000000000007,1
COCCc1ccc(OCC(O)CNC(C)C)cc1,38.0,-0.212608093,267.36899999999997,4,2,1.6132,1,-1.2,0.0630957344480193,267.36899999999997,4,2,1.6132,1
COc1cc(C2c3cc4c(cc3C(OC3OC5COC(C)OC5C(O)C3O)C3COC(=O)C23)OCO4)cc(OC)c1O,52.0,0.034762106,588.5620000000004,13,3,1.3385999999999991,0,-3.571,0.0002685344445658,588.5620000000004,13,3,1.3385999999999991,0
COc1cc(Cc2cnc(N)nc2N)cc(OC)c1OC,98.0,1.69019608,290.32300000000004,7,2,1.2575999999999998,1,-2.951,0.0011194378834671,290.32300000000004,7,2,1.2575999999999998,1
COc1cc(NC(C)CCCN)c2ncccc2c1,96.0,1.380211241711606,259.35299999999995,4,2,2.782700000000001,1,-2.77,0.0016982436524617,259.35299999999995,4,2,2.782700000000001,1
COc1cc(NS(=O)(=O)c2ccc(N)cc2)nc(OC)n1,59.099998,0.159864136940083,310.3350000000001,7,2,0.8768,1,-2.96,0.0010964781961431,310.3350000000001,7,2,0.8768,1
COc1cc2c(N)nc(N3CCN(C(=O)OCC(C)(C)O)CC3)nc2c(OC)c1OC,61.0,0.194265228,435.4810000000003,10,2,1.2673,1,-3.64,0.0002290867652767,435.4810000000003,10,2,1.2673,1
COc1cc2c(c(OC)c1OC)-c1ccc(OC)c(=O)cc1C(NC(C)=O)CC2,50.0,0.0,399.4430000000002,6,1,2.871600000000001,1,-0.94,0.1148153621496883,399.4430000000002,6,1,2.871600000000001,1
COc1cc2nc(N3CCN(C(=O)C4CCCO4)CC3)nc(N)c2cc1OC,90.0,0.954242509,387.44000000000017,8,1,1.0567999999999995,1,-1.8,0.0158489319246111,387.44000000000017,8,1,1.0567999999999995,1
COc1cc2nc(N3CCN(C(=O)c4ccco4)CC3)nc(N)c2cc1OC,68.0,0.327358934,383.40800000000024,8,1,1.7845999999999995,1,-5.09,8.128305161640995e-06,383.40800000000024,8,1,1.7845999999999995,1
COc1cc2ncnc(Nc3ccc(F)c(Cl)c3)c2cc1OCCCN1CCOCC1,60.0,0.176091259,446.9100000000004,7,1,4.275600000000003,1,-4.645898698485891,2.259962857187102e-05,446.9100000000004,7,1,4.275600000000003,1
COc1ccc(C(CN(C)C)C2(O)CCCCC2)cc1,45.0,-0.087150176,277.4079999999999,3,1,3.0356000000000014,1,0.2567187446,1.806004152745216,277.4079999999999,3,1,3.0356000000000014,1
COc1ccc(C2Sc3ccccc3N(CCN(C)C)C(=O)C2OC(C)=O)cc1,38.0,-0.212608093,414.52700000000016,6,0,3.368500000000002,1,-3.159,0.0006934258060165,414.52700000000016,6,0,3.368500000000002,1
COc1ccc(CCN(C)CCCC(C#N)(c2ccc(OC)c(OC)c2)C(C)C)cc1OC,22.0,-0.549671922,454.6110000000002,6,0,5.093080000000005,0,-4.67,2.1379620895022323e-05,454.6110000000002,6,0,5.093080000000005,0
COc1ccc(Cc2nccc3cc(OC)c(OC)cc23)cc1OC,28.0,-0.410174465,339.3910000000001,5,0,3.860000000000003,1,-3.87,0.0001348962882591,339.3910000000001,5,0,3.860000000000003,1
COc1ccc(Cl)cc1C(=O)NCCc1ccc(S(=O)(=O)NC(=O)NC2CCCCC2)cc1,82.0,0.658541347,494.0130000000003,5,3,3.641700000000003,1,-5.0917,8.096549959081942e-06,494.0130000000003,5,3,3.641700000000003,1
COc1ccc2c(c1)C13CCCCC1C(C2)N(C)CC3,11.0,-0.9079973214866878,271.404,2,0,3.383400000000002,1,-3.48,0.0003311311214825,271.404,2,0,3.383400000000002,1
COc1ccc2c(c1)N(CC(C)CN(C)C)c1ccccc1S2,50.0,0.0,328.481,4,0,4.495600000000004,1,-4.37,4.265795188015926e-05,328.481,4,0,4.495600000000004,1
COc1ccc2c(c1)c(CC(=O)O)c(C)n2C(=O)c1ccc(Cl)cc1,99.0,1.995635195,357.793,4,1,3.9273200000000026,1,-4.77,1.698243652461746e-05,357.793,4,1,3.9273200000000026,1
COc1ccc2c(c1OC)C(=O)OC2C1c2c(cc3c(c2OC)OCO3)CCN1C,30.0,-0.367976785,413.4260000000003,8,0,2.881800000000001,1,-3.14,0.0007244359600749,413.4260000000003,8,0,2.881800000000001,1
COc1ccc2c3c1OC1C(O)C=CC4C(C2)N(C)CCC341,50.0,0.0,299.3700000000001,4,1,1.5011,1,-1.52,0.0301995172040201,299.3700000000001,4,1,1.5011,1
COc1ccc2c3c1OC1C(O)CCC4C(C2)N(C)CCC341,20.0,-0.6020599913279624,301.3860000000001,4,1,1.7251,1,-1.0,0.1,301.3860000000001,4,1,1.7251,1
COc1ccc2cc(C(C)C(=O)O)ccc2c1,99.0,1.995635195,230.263,2,1,3.036500000000001,1,-4.496,3.191537855100758e-05,230.263,2,1,3.036500000000001,1
COc1ccc2cc(CCC(C)=O)ccc2c1,35.0,-0.2688453122925799,228.29099999999997,2,0,3.370000000000002,1,-1.46,0.0346736850452531,228.29099999999997,2,0,3.370000000000002,1
CS(=O)(=O)OCCCCOS(C)(=O)=O,70.0,0.367976785,246.306,6,0,-0.2809999999999997,1,-2.27,0.0053703179637025,246.306,6,0,-0.2809999999999997,1
CS(=O)(=O)c1ccc(C2=C(c3ccccc3)C(=O)OC2)cc1,93.0,1.1233849085396783,314.3620000000001,4,0,2.5577000000000005,1,-4.52,3.0199517204020192e-05,314.3620000000001,4,0,2.5577000000000005,1
CSc1ccc2c(c1)N(CCC1CCCCN1C)c1ccccc1S2,40.0,-0.176091259,370.587,4,0,5.885600000000005,0,-5.82,1.5135612484362072e-06,370.587,4,0,5.885600000000005,0
Cc1c(Cl)cccc1Nc1ccccc1C(=O)O,60.0,0.176091259,261.70799999999997,2,2,4.090220000000002,1,-5.06,8.709635899560814e-06,261.70799999999997,2,2,4.090220000000002,1
Cc1cc(=O)n(-c2ccccc2)n1C,99.0,1.995635195,188.23,3,0,1.48442,1,-0.5642,0.2727721331426507,188.23,3,0,1.48442,1
Cc1cc(C)nc(NS(=O)(=O)c2ccc(N)cc2)n1,86.5,0.806682339,278.337,5,2,1.4764399999999998,1,-2.81,0.0015488166189124,278.337,5,2,1.4764399999999998,1
Cc1cc(NS(=O)(=O)c2ccc(N)cc2)no1,99.0,1.99563519459755,253.283,5,2,1.3660199999999998,1,-2.62,0.0023988329190194,253.283,5,2,1.3660199999999998,1
Cc1ccc(-c2nc3ccc(C)cn3c2CC(=O)N(C)C)cc1,72.0,0.410174465,307.39700000000005,3,0,3.2488400000000013,1,-1.3,0.0501187233627272,307.39700000000005,3,0,3.2488400000000013,1
Cc1ccc(C(=O)c2cc(O)c(O)c([N+](=O)[O-])c2)cc1,62.0,0.2126080928814437,273.24399999999997,5,2,2.545420000000002,1,-4.17,6.760829753919819e-05,273.24399999999997,5,2,2.545420000000002,1
Cc1ccc(C(=O)c2ccc(CC(=O)O)n2C)cc1,95.0,1.2787536009528289,257.289,3,1,2.1916200000000003,1,-4.092,8.09095899178383e-05,257.289,3,1,2.1916200000000003,1
Cc1ccc(O)c(C(CCN(C(C)C)C(C)C)c2ccccc2)c1,26.0,-0.4542583717601582,325.496,2,1,5.341420000000006,0,-2.58,0.0026302679918953,325.496,2,1,5.341420000000006,0
Cc1cccc(C)c1NC(=O)C1CCCCN1C,55.0,0.087150176,246.35399999999996,2,1,2.7262400000000007,1,-1.99,0.0102329299228075,246.35399999999996,2,1,2.7262400000000007,1
Cc1cccc(C)c1NC(=O)c1cc(S(N)(=O)=O)c(Cl)cc1O,70.0,0.367976785,354.81500000000005,4,3,2.5621400000000008,1,-3.9,0.0001258925411794,354.81500000000005,4,3,2.5621400000000008,1
Cc1cccc(Nc2ccccc2C(=O)O)c1C,90.0,0.954242509,241.29,2,2,3.7452400000000017,1,-6.737,1.8323144223712113e-07,241.29,2,2,3.7452400000000017,1
Cc1ccccc1N1C(=O)c2cc(S(N)(=O)=O)c(Cl)cc2NC1C,65.0,0.268845312,365.8420000000001,4,2,2.714120000000001,1,-4.33,4.677351412871981e-05,365.8420000000001,4,2,2.714120000000001,1
Cc1ccnc(NS(=O)(=O)c2ccc(N)cc2)n1,81.0,0.629731418,264.31,5,2,1.16802,1,-3.12,0.0007585775750291,264.31,5,2,1.16802,1
Cc1ccnc2c1NC(=O)c1cccnc1N2C1CC1,93.0,1.123384909,266.30400000000003,4,1,2.6512200000000004,1,-3.19,0.0006456542290346,266.30400000000003,4,1,2.6512200000000004,1
Cc1cn(C2CC(N=[N+]=[N-])C(CO)O2)c(=O)[nH]c1=O,63.0,0.231138825,267.245,6,2,-0.1962800000000001,1,-1.16,0.0691830970918936,267.245,6,2,-0.1962800000000001,1
Cc1cn(C2CC(O)C(CO)O2)c(=O)[nH]c1=O,68.0,0.327358934,242.23099999999997,6,3,-1.5142799999999992,1,-0.7420620876999999,0.1811081157941789,242.23099999999997,6,3,-1.5142799999999992,1
Cc1cnc(C(=O)NCCc2ccc(S(=O)(=O)NC(=O)NC3CCCCC3)cc2)cn1,95.0,1.278753601,445.54500000000024,6,3,2.0781199999999993,1,-5.49,3.235936569296281e-06,445.54500000000024,6,3,2.0781199999999993,1
Cc1cnc(NC(=O)C2=C(O)c3ccccc3S(=O)(=O)N2C)s1,97.0,1.50965048,351.4090000000001,6,2,1.95092,1,-1.92,0.0120226443461741,351.4090000000001,6,2,1.95092,1
Cc1ncc([N+](=O)[O-])n1CC(C)O,99.0,1.99563519459755,185.183,5,1,0.4805199999999999,1,-0.74,0.1819700858609983,185.183,5,1,0.4805199999999999,1
Cc1ncc([N+](=O)[O-])n1CCO,99.0,1.99563519459755,171.15599999999998,5,1,0.0920199999999999,1,-1.26,0.0549540873857624,171.15599999999998,5,1,0.0920199999999999,1
Cc1ncc2n1-c1ccc(Cl)cc1C(c1ccccc1F)=NC2,44.0,-0.104735351,325.77400000000006,3,0,4.324220000000002,1,-4.13,7.413102413009176e-05,325.77400000000006,3,0,4.324220000000002,1
Cc1nnc(SCC2=C(C(=O)O)N3C(=O)C(NC(=O)Cn4cnnn4)C3SC2)s1,0.0,-2.0,454.5190000000002,12,2,-0.6360799999999995,0,-2.62,0.0023988329190194,454.5190000000002,12,2,-0.6360799999999995,0
Cc1nnc2n1-c1ccc(Cl)cc1C(c1ccccc1)=NC2,88.0,0.865301426,308.77200000000005,4,0,3.5801200000000017,1,-3.6,0.0002511886431509,308.77200000000005,4,0,3.5801200000000017,1
Cc1noc(NS(=O)(=O)c2ccc(N)cc2)c1C,96.0,1.380211242,267.31,5,2,1.67444,1,-2.91,0.0012302687708123,267.31,5,2,1.67444,1
Cc1onc(-c2ccccc2)c1-c1ccc(S(N)(=O)=O)cc1,83.0,0.6886291709978,314.36600000000004,4,1,2.9644200000000005,1,-4.52,3.0199517204020192e-05,314.36600000000004,4,1,2.9644200000000005,1
Clc1ccc(C(c2ccccc2Cl)C(Cl)Cl)cc1,40.0,-0.1760912590556812,320.04600000000005,0,0,5.929000000000002,0,-6.51,3.090295432513592e-07,320.04600000000005,0,0,5.929000000000002,0
Clc1ccc(COC(Cn2ccnc2)c2ccc(Cl)cc2Cl)c(Cl)c1,25.0,-0.477121255,416.1350000000001,3,0,6.454800000000002,0,-5.79,1.6218100973589298e-06,416.1350000000001,3,0,6.454800000000002,0
Clc1ccccc1C(c1ccccc1)(c1ccccc1)n1ccnc1,0.0,-2.0,344.845,2,0,5.376700000000004,0,-4.966497656418619,1.0801954499200638e-05,344.845,2,0,5.376700000000004,0
Cn1c(=O)c2c(ncn2C)n(C)c1=O,98.0,1.69019608,194.194,6,0,-1.0293,1,-0.97,0.1071519305237606,194.194,6,0,-1.0293,1
Cn1c(=O)c2c(ncn2CC(O)CO)n(C)c1=O,90.0,0.954242509,254.246,8,2,-2.213099999999999,1,-0.17,0.6760829753919817,254.246,8,2,-2.213099999999999,1
Cn1c(=O)c2nc[nH]c2n(C)c1=O,96.0,1.380211241711606,180.16699999999997,5,1,-1.0397000000000003,1,-1.39,0.0407380277804112,180.16699999999997,5,1,-1.0397000000000003,1
Cn1cnc([N+](=O)[O-])c1Sc1ncnc2nc[nH]c12,60.0,0.176091259,277.269,8,1,1.1457999999999997,1,-3.44,0.0003630780547701,277.269,8,1,1.1457999999999997,1
Cn1nnnc1SCC1=C(C(=O)O)N2C(=O)C(NC(=O)C(O)c3ccccc3)C2SC1,96.0,1.380211242,462.5130000000001,10,3,-0.2255999999999989,1,-0.14,0.72443596007499,462.5130000000001,10,3,-0.2255999999999989,1
N=C(N)NCCCC(N)C(=O)O,68.0,0.3273589343863303,174.204,3,5,-1.338429999999999,1,0.0,1.0,174.204,3,5,-1.338429999999999,1
N=c1nc(N2CCCCC2)cc(N)n1O,95.0,1.278753601,209.253,6,3,0.1723700000000003,1,-2.04,0.009120108393559,209.253,6,3,0.1723700000000003,1
NC(=NCCCCCCN=C(N)N=C(N)Nc1ccc(Cl)cc1)N=C(N)Nc1ccc(Cl)cc1,1.0,-1.995635195,505.4580000000001,2,6,3.3366000000000007,0,-2.8005950876,0.0015827229958562,505.4580000000001,2,6,3.3366000000000007,0
NC(=O)N1c2ccccc2C=Cc2ccccc21,70.0,0.367976785,236.274,1,1,3.3872000000000018,1,-3.29,0.0005128613839913,236.274,1,1,3.3872000000000018,1
NC(=O)NO,79.0,0.575407797,76.05499999999999,2,3,-0.9561000000000002,1,1.1189,13.149220253462486,76.05499999999999,2,3,-0.9561000000000002,1
NC(=O)c1cn(Cc2c(F)cccc2F)nn1,85.0,0.753327667,238.197,4,1,0.7035000000000001,1,-3.5,0.0003162277660168,238.197,4,1,0.7035000000000001,1
NC(=O)c1cnccn1,90.0,0.954242509,123.11499999999998,3,1,-0.4245000000000001,1,-0.91,0.1230268770812381,123.11499999999998,3,1,-0.4245000000000001,1
NC(C(=O)NC1C(=O)N2C(C(=O)O)=C(Cl)CSC12)c1ccccc1,90.0,0.954242509,367.814,5,3,0.6213000000000004,1,-1.59,0.0257039578276886,367.814,5,3,0.6213000000000004,1
NC(Cc1c[nH]c2ccc(O)cc12)C(=O)O,70.0,0.367976785,220.228,3,4,0.8279000000000003,1,-1.3430000000000002,0.0453941616650203,220.228,3,4,0.8279000000000003,1
NC(Cc1ccc(N(CCCl)CCCl)cc1)C(=O)O,71.0,0.3888603508201191,305.205,3,2,1.925,1,-3.49,0.0003235936569296,305.205,3,2,1.925,1
NC(Cc1ccc(O)c(O)c1)C(=O)O,41.0,-0.158068155,197.18999999999997,4,4,0.0522000000000001,1,-1.6,0.0251188643150957,197.18999999999997,4,4,0.0522000000000001,1
NC(N)=Nc1nc(CSCCC(N)=NS(N)(=O)=O)cs1,42.0,-0.140178703,337.456,6,4,-0.7679999999999998,1,-2.647,0.0022542392121524,337.456,6,4,-0.7679999999999998,1
NC12CC3CC(CC(C3)C1)C2,90.0,0.954242509,151.253,1,1,1.9139,1,-1.854,0.0139958732257261,151.253,1,1,1.9139,1
NC1C2CN(c3nc4c(cc3F)c(=O)c(C(=O)O)cn4-c3ccc(F)cc3F)CC12,91.0,1.0047988828817689,416.3590000000001,6,2,1.8944999999999996,1,-4.53,2.951209226666384e-05,416.3590000000001,6,2,1.8944999999999996,1
NC1CONC1=O,80.0,0.602059991,102.093,3,2,-1.624900000000001,1,-0.01,0.9772372209558108,102.093,3,2,-1.624900000000001,1
NCC(CC(=O)O)c1ccc(Cl)cc1,90.0,0.954242509,213.664,2,2,1.857,1,-1.7,0.0199526231496888,213.664,2,2,1.857,1
NCC1CCC(C(=O)O)CC1,34.0,-0.288065018,157.21299999999997,2,2,0.8361000000000001,1,0.0255,1.060473938372333,157.21299999999997,2,2,0.8361000000000001,1
NCCC(O)C(=O)NC1CC(N)C(OC2OC(CN)C(O)C(O)C2O)C(O)C1OC1OC(CO)C(O)C(N)C1O,0.0,-2.0,585.6080000000002,17,13,-8.424200000000015,0,-0.5,0.3162277660168379,585.6080000000002,17,13,-8.424200000000015,0
NCCNCCNCCN,92.5,1.091080469,146.238,4,4,-1.916999999999998,1,0.835,6.839116472814292,146.238,4,4,-1.916999999999998,1
NCCc1ccc(O)c(O)c1,76.0,0.5006023505691853,153.18099999999998,3,3,0.5989999999999998,1,0.12,1.318256738556407,153.18099999999998,3,3,0.5989999999999998,1
NNC(=O)c1ccncc1,80.0,0.602059991,137.142,3,2,-0.3149000000000006,1,-0.04,0.9120108393559098,137.142,3,2,-0.3149000000000006,1
NNc1nncc2ccccc12,23.0,-0.524762889,160.17999999999998,4,2,0.9153999999999998,1,-2.6,0.0025118864315095,160.17999999999998,4,2,0.9153999999999998,1
NS(=O)(=O)c1cc2c(cc1C(F)(F)F)NC(Cc1ccccc1)NS2(=O)=O,90.0,0.954242509,421.4220000000001,5,3,1.6254000000000004,1,-3.5913,0.0002562713165411,421.4220000000001,5,3,1.6254000000000004,1
NS(=O)(=O)c1cc2c(cc1C(F)(F)F)NCNS2(=O)=O,50.0,0.0,331.29699999999997,5,3,0.0141000000000005,1,-3.04,0.0009120108393559,331.29699999999997,5,3,0.0141000000000005,1
NS(=O)(=O)c1cc2c(cc1Cl)N=CNS2(=O)=O,13.0,-0.8255759003117817,295.72900000000004,5,2,-0.0608999999999999,1,-3.05,0.0008912509381337,295.72900000000004,5,2,-0.0608999999999999,1
NS(=O)(=O)c1cc2c(cc1Cl)NC(C(Cl)Cl)NS2(=O)=O,60.0,0.176091259,380.662,5,3,0.8210000000000004,1,-3.529,0.0002958012466551,380.662,5,3,0.8210000000000004,1
NS(=O)(=O)c1cc2c(cc1Cl)NCNS2(=O)=O,71.0,0.388860351,297.74500000000006,5,3,-0.3512999999999996,1,-2.63,0.0023442288153199,297.74500000000006,5,3,-0.3512999999999996,1
Nc1ccc(O)c(C(=O)O)c1,25.0,-0.4771212547196624,153.137,3,3,0.6726000000000001,1,-2.26,0.0054954087385762,153.137,3,3,0.6726000000000001,1
Nc1ccc(S(=O)(=O)Nc2ncccn2)cc1,90.0,0.954242509,250.28300000000004,5,2,0.8596000000000001,1,-3.54,0.0002884031503126,250.28300000000004,5,2,0.8596000000000001,1
Nc1ccc(S(=O)(=O)c2ccc(N)cc2)cc1,93.0,1.123384909,248.307,4,2,1.6838000000000002,1,-3.094,0.000805378441199,248.307,4,2,1.6838000000000002,1
Nc1ccn(C2CCC(CO)O2)c(=O)n1,88.0,0.865301426,211.221,6,2,-0.5046000000000002,1,-0.43,0.3715352290971725,211.221,6,2,-0.5046000000000002,1
Nc1nc(=O)[nH]cc1F,84.0,0.720159303,129.09399999999997,3,2,-0.5088000000000001,1,-0.972,0.1066596121230257,129.09399999999997,3,2,-0.5088000000000001,1
Nc1nc(N)c2nc(-c3ccccc3)c(N)nc2n1,51.0,0.017374096,253.26900000000003,7,3,0.8334000000000001,1,-2.404,0.0039445730207527,253.26900000000003,7,3,0.8334000000000001,1
Nc1nc2c(ncn2COC(CO)CO)c(=O)[nH]1,4.0,-1.380211242,255.234,8,4,-1.970899999999999,1,-1.77,0.0169824365246174,255.234,8,4,-1.970899999999999,1
Nc1nc2c(ncn2COCCO)c(=O)[nH]1,22.5,-0.537119184,225.20799999999997,7,3,-1.3318000000000003,1,-2.12,0.0075857757502918,225.20799999999997,7,3,-1.3318000000000003,1
Nc1ncnc2c1ncn2C1OC(CO)C(O)C1O,0.0,-2.0,267.245,9,4,-1.9800000000000009,1,-1.73,0.0186208713666286,267.245,9,4,-1.9800000000000009,1
O=C(C1CCCCC1)N1CC(=O)N2CCc3ccccc3C2C1,7.0,-1.123384909,312.41300000000007,2,0,2.5349000000000004,1,-2.8927,0.0012802653747653,312.41300000000007,2,0,2.5349000000000004,1
O=C(CCCN1CCC(O)(c2ccc(Br)cc2)CC1)c1ccc(F)cc1,50.0,0.0,420.3220000000002,3,1,4.5347000000000035,1,-3.6693,0.0002141410855878,420.3220000000002,3,1,4.5347000000000035,1
O=C(CCCN1CCC(n2c(=O)[nH]c3ccccc32)CC1)c1ccc(F)cc1,40.0,-0.176091259,381.4510000000002,4,1,3.7687000000000026,1,-4.28,5.248074602497723e-05,381.4510000000002,4,1,3.7687000000000026,1
O=C(NC(CO)C(O)c1ccc([N+](=O)[O-])cc1)C(Cl)Cl,82.0,0.658541347,323.13199999999995,5,3,0.9089999999999998,1,-3.7355935236498383,0.0001838258049421,323.13199999999995,5,3,0.9089999999999998,1
O=C(O)C(=O)O,7.0,-1.123384909,90.03399999999999,2,2,-0.8443999999999998,1,0.0790172102,1.199546837789594,90.03399999999999,2,2,-0.8443999999999998,1
O=C(O)CCC(=O)c1ccc(-c2ccccc2)cc1,78.0,0.5496719218682742,254.28500000000005,2,1,3.4011000000000022,1,-5.0609,8.691605378568555e-06,254.28500000000005,2,1,3.4011000000000022,1
O=C(O)CCCCC1CCSS1,29.0,-0.388860351,206.332,3,1,2.7851000000000017,1,-2.3750473352,0.0042165054382884,206.332,3,1,2.7851000000000017,1
O=C(O)CCCCC1SCC2NC(=O)NC21,99.0,1.995635195,244.31600000000003,3,3,0.7968000000000001,1,-3.0460000000000003,0.00089949758153,244.31600000000003,3,3,0.7968000000000001,1
O=C(O)CCCc1ccc(N(CCCl)CCCl)cc1,82.0,0.658541347,304.217,2,1,3.377900000000002,1,-3.4,0.0003981071705534,304.217,2,1,3.377900000000002,1
O=C(O)CCCc1ccccc1,78.0,0.5496719218682742,164.204,1,1,2.0939,1,-1.78,0.0165958690743756,164.204,1,1,2.0939,1
O=C(O)CCc1nc(-c2ccccc2)c(-c2ccccc2)o1,98.0,1.69019608,293.32200000000006,3,1,4.025800000000003,1,-2.24,0.0057543993733715,293.32200000000006,3,1,4.025800000000003,1
O=C(O)Cc1ccccc1Oc1ccc(Cl)cc1Cl,99.99,3.9999565683799703,297.13699999999994,2,1,4.4128000000000025,1,-4.86,1.380384264602884e-05,297.13699999999994,2,1,4.4128000000000025,1
O=C(O)c1cc(-c2ccc(F)cc2F)ccc1O,85.0,0.7533276666586115,250.19999999999996,2,2,3.035600000000001,1,-4.61,2.454708915685029e-05,250.19999999999996,2,2,3.035600000000001,1
O=C(O)c1cc(N=Nc2ccc(S(=O)(=O)Nc3ccccn3)cc2)ccc1O,15.0,-0.753327667,398.4000000000001,7,3,3.7016000000000018,1,-6.14,7.244359600749906e-07,398.4000000000001,7,3,3.7016000000000018,1
O=C(O)c1ccccc1O,99.0,1.99563519459755,138.122,2,2,1.0903999999999998,1,-1.82,0.015135612484362,138.122,2,2,1.0903999999999998,1
O=C(O)c1cccnc1,60.0,0.1760912590556812,123.11099999999998,2,1,0.7797999999999999,1,-0.85,0.1412537544622754,123.11099999999998,2,1,0.7797999999999999,1
O=C(c1ccc(F)cc1)C1CCN(CCn2c(=O)[nH]c3ccccc3c2=O)CC1,50.0,0.0,395.43400000000014,5,1,2.423800000000001,1,-4.5971,2.528715671105163e-05,395.43400000000014,5,1,2.423800000000001,1
O=C(c1ccccc1)c1ccc2n1CCC2C(=O)O,99.0,1.99563519459755,255.27299999999997,3,1,2.291,1,-3.26,0.0005495408738576,255.27299999999997,3,1,2.291,1
O=C1C(O)=C(C2CCC(c3ccc(Cl)cc3)CC2)C(=O)c2ccccc21,23.0,-0.524762889,366.84400000000016,3,1,5.505100000000004,0,-5.931,1.1721953655481305e-06,366.84400000000016,3,1,5.505100000000004,0
O=C1C(O)=C(O)OC1C(O)CO,99.0,1.99563519459755,176.12399999999997,6,4,-1.4074,1,0.2769999999999999,1.8923436186449751,176.12399999999997,6,4,-1.4074,1
O=C1CN(N=Cc2ccc([N+](=O)[O-])o2)C(=O)N1,87.0,0.8255759,238.15899999999996,6,1,0.0734999999999999,1,-3.55,0.0002818382931264,238.15899999999996,6,1,0.0734999999999999,1
O=C1CN=C(c2ccccc2)c2cc([N+](=O)[O-])ccc2N1,78.0,0.549671922,281.27099999999996,4,1,2.3842999999999996,1,-3.8,0.0001584893192461,281.27099999999996,4,1,2.3842999999999996,1
O=C1CN=C(c2ccccc2Cl)c2cc([N+](=O)[O-])ccc2N1,98.0,1.69019608,315.716,4,1,3.037700000000001,1,-4.41,3.8904514499428046e-05,315.716,4,1,3.037700000000001,1
O=C1CN=C(c2ccccn2)c2cc(Br)ccc2N1,84.0,0.720159303,316.15799999999996,3,1,2.6336000000000004,1,-3.48,0.0003311311214825,316.15799999999996,3,1,2.6336000000000004,1
O=C1NS(=O)(=O)c2ccccc21,84.0,0.720159303,183.188,3,1,0.1186999999999999,1,-1.6718324141,0.0212896041243451,183.188,3,1,0.1186999999999999,1
O=C1Nc2ccc(Cl)cc2C(C#CC2CC2)(C(F)(F)F)O1,42.5,-0.131278915,315.67799999999994,2,1,4.073100000000001,1,-4.57,2.691534803926914e-05,315.67799999999994,2,1,4.073100000000001,1
O=C1Nc2ccc(Cl)cc2C(c2ccccc2)=NC1O,97.0,1.50965048,286.718,3,2,2.4479,1,-3.952,0.000111686324778,286.718,3,2,2.4479,1
O=C1Nc2ccc(Cl)cc2C(c2ccccc2Cl)=NC1O,93.0,1.123384909,321.163,3,2,3.1013000000000015,1,-3.604,0.0002488857318282,321.163,3,2,3.1013000000000015,1
O=C1OC2(c3ccc(O)cc3Oc3cc(O)ccc32)c2ccccc21,99.0,1.995635195,332.31100000000004,5,2,3.6658000000000017,1,-3.8226,0.0001504527048759,332.31100000000004,5,2,3.6658000000000017,1
O=CC(O)C(O)C(O)C(O)CO,99.0,1.99563519459755,180.156,6,5,-3.3788000000000005,1,0.74,5.495408738576246,180.156,6,5,-3.3788000000000005,1
O=NN(CCCl)C(=O)NC1CCCCC1,99.0,1.995635195,233.69899999999996,3,1,2.250900000000001,1,-3.37,0.0004265795188015,233.69899999999996,3,1,2.250900000000001,1
O=NN(CCCl)C(=O)NCCCl,11.5,-0.88624543,214.052,3,1,1.157,1,-1.7285,0.0186852967725585,214.052,3,1,1.157,1
O=P1(N(CCCl)CCCl)NCCCO1,74.0,0.4542583717601582,261.089,2,1,1.884,1,-0.8147,0.1532145464810896,261.089,2,1,1.884,1
O=[N+]([O-])OC1COC2C(O[N+](=O)[O-])COC12,22.0,-0.549671922,236.13599999999997,8,0,-1.0621999999999998,1,-2.63,0.0023442288153199,236.13599999999997,8,0,-1.0621999999999998,1
O=[N+]([O-])OCC(CO[N+](=O)[O-])(CO[N+](=O)[O-])CO[N+](=O)[O-],60.0,0.176091259,316.135,12,0,-1.1939999999999995,0,-3.8664,0.0001360191322855,316.135,12,0,-1.1939999999999995,0
O=[N+]([O-])OCC(CO[N+](=O)[O-])O[N+](=O)[O-],1.0,-1.995635195,227.085,9,0,-1.0200999999999996,1,-2.22,0.0060255958607435,227.085,9,0,-1.0200999999999996,1
O=c1[nH]cc(F)c(=O)[nH]1,28.0,-0.410174465,130.078,2,2,-0.7977000000000001,1,-1.077,0.0837529282126882,130.078,2,2,-0.7977000000000001,1
O=c1[nH]cnc2[nH]ncc12,53.0,0.052178012,136.114,3,2,-0.3538,1,-2.266,0.0054200089040162,136.114,3,2,-0.3538,1
O=c1[nH]cnc2c1ncn2C1CCC(CO)O1,38.0,-0.212608093,236.23099999999997,6,2,-0.2105,1,-0.94,0.1148153621496883,236.23099999999997,6,2,-0.2105,1
O=c1c(O)c(-c2ccc(O)c(O)c2)oc2cc(O)cc(O)c12,1.0,-1.99563519459755,302.23800000000006,7,5,1.988,1,-1.99,0.0102329299228075,302.23800000000006,7,5,1.988,1
O=c1ccc2ccccc2o1,3.0,-1.50965048,146.14499999999998,2,0,1.793,1,-1.89,0.0128824955169313,146.14499999999998,2,0,1.793,1
OC(CCN1CCCC1)(c1ccccc1)C1CCCCC1,75.0,0.4771212547196624,287.4470000000001,2,1,3.940400000000003,1,-4.7,1.9952623149688783e-05,287.4470000000001,2,1,3.940400000000003,1
OC(CCN1CCCCC1)(c1ccccc1)C1CCCCC1,99.0,1.99563519459755,301.47400000000016,2,1,4.330500000000004,1,-5.2,6.30957344480193e-06,301.47400000000016,2,1,4.330500000000004,1
OC(Cn1cncn1)(Cn1cncn1)c1ccc(F)cc1F,90.0,0.954242509,306.276,7,1,0.7357999999999993,1,-3.8534195255227512,0.0001401459250343,306.276,7,1,0.7357999999999993,1
OCC(O)C(O)C(O)C(O)CO,7.0,-1.123384909,182.172,6,6,-3.5854000000000004,0,0.06,1.1481536214968828,182.172,6,6,-3.5854000000000004,0
OCC(S)CS,0.0,-2.0,124.23,3,3,0.2069,1,-0.1547,0.7003255967370537,124.23,3,3,0.2069,1
OCC1(O)OCC(O)C(O)C1O,50.0,0.0,180.156,6,5,-3.2198,1,0.64,4.36515832240166,180.156,6,5,-3.2198,1
OCC1CCC(n2cnc3c(O)ncnc32)O1,38.0,-0.2126080928814437,236.231,7,2,0.2018,1,-0.9,0.1258925411794167,236.231,7,2,0.2018,1
OCC1OC(O)C(O)C(O)C1O,99.0,1.995635195,180.156,6,5,-3.2214000000000005,1,0.74,5.495408738576246,180.156,6,5,-3.2214000000000005,1
OCC1OC(OCC2OC(OC3(CO)OC(CO)C(O)C3O)C(O)C(O)C2O)C(O)C(O)C1O,0.0,-2.0,504.4380000000001,16,11,-7.571399999999989,0,-0.41,0.3890451449942806,504.4380000000001,16,11,-7.571399999999989,0
OCCN1CCN(CCCN2c3ccccc3Sc3ccc(C(F)(F)F)cc32)CC1,2.7,-1.5567490761093643,437.5310000000002,5,1,4.308100000000003,1,-4.15,7.079457843841373e-05,437.5310000000002,5,1,4.308100000000003,1
OCCN1CCN(CCCN2c3ccccc3Sc3ccc(Cl)cc32)CC1,40.0,-0.1760912590556812,403.9790000000002,5,1,3.942700000000003,1,-4.16,6.918309709189363e-05,403.9790000000002,5,1,3.942700000000003,1
Oc1c(I)cc(Cl)c2cccnc12,11.0,-0.9079973214866878,305.502,2,1,3.1984000000000004,1,-1.8222562261,0.0150571845669429,305.502,2,1,3.1984000000000004,1
S=C=Nc1cccc2ccccc12,99.0,1.995635195,185.251,2,0,3.5741000000000014,1,-4.6022,2.499194175195829e-05,185.251,2,0,3.5741000000000014,1
